ID.1,cdob,Last,First,Middle,GENDER,Maiden
100,20090102,ALEXIEOON,JACOB,WILLIAM,Male,DUNBURY
99,20090102,ALEXIE,JACKSON,TOM,Male,OWEN
98,20090102,ALLEN,TRUE,A.S,Female,XAYAVO
97,20090102,ANARUKKS,ROBERTA,BILL,Female,ODOGWU
96,20090106,ANDERSON,SCOTT,WILLIAM,Male,COOK
95,20090106,ANDERSON,MARLON,WADE,Male,WHITE
94,20090106,ANDERSON,VERA,ANN,Female,RUFF
93,20090101,AQUINO TU,RILEY,CLAIRE,Female,ERKINS
92,20090102,ASHCRAFT,LEO,TRAVIS,Male,SMITH
91,20090101,BENSON,ISAIAH,CLARA,Female,LEMON
90,20090112,BEEMAN,JEREMY,THOMAS,Male,NICHOLAS
89,20090101,BENSON,MAKAYLA,CORA ROSE,Female,AHNGA
88,20090110,BIEBER,ISAIAH,SPENCER,Male,PIIKA
87,20090103,BON,JREAM,SUMMER,Female,JACKSON
86,20090113,BRINDAC,JANESIA,GRACE,Female,TRIMBLE
85,20090111,BRINK,ISABELLA,JADE,Female,MCNDON
84,20090106,BRINKER,ENDER,SEBASTIAN,Male,GARNER
83,20090105,FASTER BUCK,HONEY,JANE,Female,SAYSN
82,20090109,BURIN,EMANUAL,SEAN,Male,RUNYAN
81,20090111,COCHRAN,BRIANNA,JEAN,Female,BRINK
80,20090107,COLEBURT,REAINNA,FORNWRIGHT,Female,INSKPE
79,20090109,CREWS,DAWSON,ROBERT,Male,GEORGE
78,20090107,COLE,REANNA,ANNE,Female,WILLIAMS
77,20090112,DEMOFF,DAVIS,RICHARD,Male,EDGAR
76,20091009,DRUES MORE,MAKIA,LOUISE,Female,MOORE
75,20090106,DUNBERY,COLTON,REX,Male,HERN
74,20090111,DUNCAN,LETISHA,LOVELLA,Female,ANDREW
73,20090111,ESCHOOK,KYLEE,MARIE,Female,HUGHETT
72,20090112,EVON,HELEN,MARIE,Female,CHOVIP
71,20090108,FLAGGWATER,FEODORA,MARIE,Female,PALA
70,20090106,FORESTAL,CHRISTOPHER,RAY,Male,WRIGHT
69,20090110,FRIMER,EMILY,NICOLE,Female,ZASYUOW
68,20090113,GARZEL,ELAINA,NKIRU,Female,WHITE
67,20090106,GIRL-SCOUT,ETHAN,SHAWNDALE PHYNXZ,Male,LARSON
66,20090116,GOMEZ-CATAN,TUCKER,PETER,Male,MIX
65,20090120,GREEN,SAWYER,PAUL,Male,NELSON
64,20090104,GRIFFIN,DIANA,JIMMA,Female,BOMBS
63,20090107,HALIM,CHEYENNE,ROSITA ,Female,HAINES
62,20090115,HARRIS,SAMUEL,PATRICK,Male,WALLS
61,20090111,HEADEN,AUDREY,SARAH,Female,HITCHINGS
60,20090114,HENSEN,QUINN,PATRICK,Male,ERHART
59,20090116,HINSON,ALIYAH,SAYON,Female,EDWARDSEN
58,20090114,HOFFMAN,MERRICK,PAGE,Male,CALDWELL
57,20090111,HOLLAND,ADELINE,SKY,Female,SILVA
56,20090113,HUNTINGTON,ABBY,GSYTY,Female,BROWN
55,20090116,HUNTINGTON,KHA'LI'U,MICHAEL ALLEN,Male,PARRISH
54,20090117,HURSEY,KELLEN,MICHAEL,Male,ULAK
53,20090113,JACKSON,SIERRA,ZION,Female,STEVEN
52,20090114,KEATS,PRECIOUS,ALESSANDRIA,Female,POST
51,20090115,KEOBOU,NADILYN,ANNE,Female,MORGAN
50,20090111,KOFFIN,ADRIENNE SOFIN,JEAN,Female,
49,20090107,KOLE,ORIANA,LANE,Female,HENRY
48,20090115,LEDOUX',MELLISSA,DENISE,Female,DUNCAN
47,20090115,MAPDEN,HAYDEN,MICHAEL,Male,MORRALL
46,20090120,MARTIN,CLARISSA,RAYE,Female,TICKETT
45,20090122,MARTIN-OBEY,AYAH,SARA MINNIE,Female,WASKA
44,20090125,MATTHEWS,HARLEN,MATHEW ,Male,PAGE
43,20090117,MATTINGLY,MARY,EVOLET,Female,NAYAKIK
42,20090117,MC MAHAN,CAYDEN,LJ,Male,ALEXIE
41,20090107,MCKINNEY,BRAYDEN,PIERCE,Male,MICHAEL
40,20090119,MCVEYUAPTU,BENTLEY,LEE,Male,GRANT
39,20090117,NANJO,LEXI,GABRIELLE,Female,TINKER
38,20090120,NAYIK,LEILANI,GENE,Female,BORDEN
37,20090113,NEALY,KYLIE,JAMIESON,Female,PARKER
36,20090120,NELOPTR,ANDERS,JULIAN,Male,FOLGER
35,20090113,NIHIAPPLI,KIOMARA,JAYNE JOYCE,Female,CASTLEBERRY
34,20090117,O'KPESK,ARIANA,JO,Female,EDWARDS
33,20090109,OLDWELL,DYLAN,ROY,Male,HAWORTH
32,20090118,PARKS,ALARRIA,JO,Female,MCDOTT
31,20090126,PARKS,ADINA,KATE CHASE,Female,KOHLER
30,20090126,PAVILLA,ADDYSIN,LINDSEY,Female,FORD
29,20090120,QUEENIE,LEILA,MAKAYA,Female,CORTEZ
28,20090121,REED,JULIANNA,MAY ROSE,Female,KANNENBURG
27,20090127,REED,LEEANNE,MATALENA DIVINE,Female,THONY
26,20090116,ROBERTS,TUCKER,JOSEPH,Male,ROZMARK
25,20090116,ROSS,SIMON,JOSFF RAY,Male,QUIDOL
24,20090111,RUNYANN,SHANE,JOHN,Male,
23,20090121,SCHMIDT,JAMIE,MICHELLE,Male,WHITMAN
22,20090110,SHELDON,PATRICK,JAMES,Male,KELLY
21,20090120,SILVA',IDA,MOLLIMARIE,Female,DAVID
20,20090123,SMITH,HAYLEY,NATASHA MARY,Female,
19,20090122,SMITH,OWEN,JAMES,Male,FRANCO
18,20090125,SPARRS,KAVIK,JEMIR,Male,DEMARCO
17,20090124,SPENCER,GABRIELLA,NISENE,Female,ORME
16,20091122,stoone,cameron,honor,Male,delles
15,20090122,STREETER,JACOB,EMANUEL,Male,TYRER
14,20090120,SURSEY,KEELYN,MICHAEL,Male,ZACHAROF
13,20090121,TOMPKINS,BONNIE,ROSE,Female,KAISER
12,20091022,TOTOO,HAYDEN,ALLISON,Male,MARSHALL
11,20090122,WALTON,ANDY,EDGAR,Male,ONORATI
10,20090103,WEHR,MARY,TINKER,Female,LAWRENCE
9,20090122,WEIMER,ANTHONY,DONAN,Male,FISHER
8,20090122,WEST,ANGELA,WONDERFUL,Female,WASHINGTON
7,20090120,WHELTON,DEREK,DAUN,Male,MOUDRY
6,20090123,WHITE,ISAAC,DAVID,Male,SIMMONDS
5,20090124,WHITMAN LAKE,ALYCIA,FOUNDATION,Female,EDWIN
4,20090124,WILSON JR,JEREMIAH,CHARLES,Male,BENDIXEN
3,20090124,WOLFE,LEON,BRYCE,Male,BLATCHFORD
2,20090125,ZACHMOS,MARVIN,BRENDON,Male,HOLMSTOCK
1,20090105,ZOOK,SCOTT,ATHAN,Male,WILDES
101,20090102,ALEXIE,JACK,THOMAS,Male,OWEN
102,20090107,COLE,BREANNA,ANNE,Female,WILLIAMS
